pakistan ka independence day	EN HI EN EN
kahin machal ke pyaar se chhalke chuye koi mujhe par nazar na aaye listen online	HI HI HI HI HI HI HI HI HI HI HI HI HI EN EN
maria sharapova ex boyfriend vivaad	EN EN EN EN HI
guru stotra meaning in hindi	HI HI EN EN HI
ye ladki kyu na jaane kyu song release	HI HI HI HI HI HI EN EN
ek ladki ko dekha lyrics meaning	HI HI HI HI EN EN
jo gumshuda sa khwab tha woh mil gaya woh khil gaya song release date	HI HI HI HI HI HI HI HI HI HI HI EN EN EN
tere bare mein jab socha nahi tha composer	HI HI HI HI HI HI HI EN
main koi aisa geet gau movie	HI HI HI HI HI EN
koi vaada koi iqraar naa kiya singer	HI HI HI HI HI HI EN
mujhe nind naa aaye youtube	HI HI HI HI EN
world ke sabse devastating bhookamp	EN HI HI EN HI
africa ka rajnaitik map	EN HI HI EN
jo gumshuda sa khwab tha woh mil gaya woh khil gaya song release date	HI HI HI HI HI HI HI HI HI HI HI EN EN EN
free hindi vigyapan download	EN HI HI EN
hai na bolo download	HI HI HI EN
banjar hai sab banjar hai music release date	HI HI HI HI HI EN EN EN
piya basanti re kaahe sataaye aaja listen online	HI HI HI HI HI HI EN EN
kyunki itna pyar tumko karte hain hum	HI HI HI HI HI HI HI
is zameen se falak tak listen online	HI HI HI HI HI EN EN
hum pyar karne wale song release	HI HI HI HI EN EN
kabhi kabhi mere dil mein khayaal aata hai music director	HI HI HI HI HI HI HI HI EN EN
haseena gori gori lyrics meaning	HI HI HI EN EN
veriya ve kiya kya kasoor maine tera ve lyrics	HI HI HI HI HI HI HI HI EN
latest hindi movies ke review	EN HI EN HI EN
china mein swine flu updates	EN HI EN EN EN
koi nahee tere jaisa song release	HI HI HI HI EN EN
zara tasveer se tu video download	HI HI HI HI EN EN
bharat se jyada bhrashtachaar kaha hai	HI HI HI HI HI HI
madhoshi hai madhoshi hai tere chahat ki madhoshi hai movie name	HI HI HI HI HI HI HI HI HI EN EN
mujh ko pehchan lo main hoon don song release date	HI HI HI HI HI HI HI EN EN EN
kabhi tum nahi the kabhi hum nahi the lyrics meaning	HI HI HI HI HI HI HI HI EN EN
dheere dheere haule haule lyrics	HI HI HI HI EN
africa ka rajnaitik map	EN HI HI EN
chhuke yu chali hawa jaise chu gaye ho tum composer	HI HI HI HI HI HI HI HI HI EN
chlormint dobara mat puchna ad salman khan	EN HI HI HI EN HI HI
bharat ke pramukh rajyon me boli aur script	HI HI HI HI HI HI HI EN
africa ka rajnaitik map	EN HI HI EN
abhinetri nargis fakri ke top 10 hot pics	HI HI HI HI EN EN EN EN
jab life ho out of control toh hoto ko karkay gol mp3	HI HI HI HI HI HI HI HI HI HI HI EN
patna ke district adhikari ka bangla	HI HI EN HI HI HI
lakdi ki kathi dvd version	HI HI HI EN EN
zara zara bahekta hai mp3	HI HI HI HI EN
musafir hoon yaaro download	HI HI HI EN
bharatiya submarine mein visfot	HI EN HI HI
layi vi na gayee lyrics	HI HI HI HI EN
are yaar jai mai is gaane ko kaise bhool raha tha	HI HI HI HI HI HI HI HI HI HI HI
yeh mere dil ki chain lyrics	HI HI HI HI HI EN
Rajasthan me ghumne ki jagah	HI HI HI HI HI
bane chahe dushman jamana hamara mp3	HI HI HI HI HI EN
